{"cameraMode":{"drawMode":0,"name":"Shaded","section":"Shading Mode"},"sceneLighting":true,"audioPlay":false,"sceneViewState":{"showFog":false,"showMaterialUpdate":false,"showSkybox":false,"showFlares":false,"showImageEffects":false,"showParticleSystems":false},"in2DMode":false,"pivot":{"x":8.598431587219239,"y":6.162168025970459,"z":-3.821479320526123},"rotation":{"x":0.02665533684194088,"y":-0.048866402357816699,"z":-0.001304486533626914,"w":-0.9984503388404846},"size":14.033082008361817,"orthographic":false}